iter	Logloss
0	0.6876135299
1	0.68480917
2	0.6812355804
3	0.6774074521
4	0.6750813015
5	0.6738725323
6	0.6713447491
7	0.6711459655
8	0.6696604993
9	0.6676783879
10	0.6664533745
11	0.6653902102
12	0.6635543802
13	0.6632843056
14	0.6626955194
15	0.662507802
16	0.6609619606
17	0.6601974997
18	0.6595299969
19	0.6592600889
