iter	Logloss
0	0.6910327681
1	0.6877247212
2	0.6841229906
3	0.6801336329
4	0.6779686288
5	0.6762597931
6	0.674791944
7	0.6743826036
8	0.6730271104
9	0.6709701533
10	0.6698935753
11	0.6687935682
12	0.6677876025
13	0.6656980165
14	0.6649107989
15	0.6648745963
16	0.6632279
17	0.6619067883
18	0.6611800558
19	0.6609825543
